-- MySQL dump 10.13  Distrib 5.1.73, for Win64 (unknown)
--
-- Host: localhost    Database: headcount
-- ------------------------------------------------------
-- Server version	5.1.73-community

/*!40101 SET @OLD_CHARACTER_SET_CLIENT=@@CHARACTER_SET_CLIENT */;
/*!40101 SET @OLD_CHARACTER_SET_RESULTS=@@CHARACTER_SET_RESULTS */;
/*!40101 SET @OLD_COLLATION_CONNECTION=@@COLLATION_CONNECTION */;
/*!40101 SET NAMES utf8 */;
/*!40103 SET @OLD_TIME_ZONE=@@TIME_ZONE */;
/*!40103 SET TIME_ZONE='+00:00' */;
/*!40014 SET @OLD_UNIQUE_CHECKS=@@UNIQUE_CHECKS, UNIQUE_CHECKS=0 */;
/*!40014 SET @OLD_FOREIGN_KEY_CHECKS=@@FOREIGN_KEY_CHECKS, FOREIGN_KEY_CHECKS=0 */;
/*!40101 SET @OLD_SQL_MODE=@@SQL_MODE, SQL_MODE='NO_AUTO_VALUE_ON_ZERO' */;
/*!40111 SET @OLD_SQL_NOTES=@@SQL_NOTES, SQL_NOTES=0 */;

--
-- Table structure for table `headdata`
--

DROP TABLE IF EXISTS `headdata`;
/*!40101 SET @saved_cs_client     = @@character_set_client */;
/*!40101 SET character_set_client = utf8 */;
CREATE TABLE `headdata` (
  `CountId` int(11) NOT NULL AUTO_INCREMENT,
  `FloorNumber` smallint(6) NOT NULL,
  `areaNumber` smallint(6) NOT NULL,
  `count` mediumint(9) NOT NULL,
  `timestamp` timestamp NOT NULL,
  PRIMARY KEY (`CountId`)
) ENGINE=InnoDB AUTO_INCREMENT=598 DEFAULT CHARSET=utf8;
/*!40101 SET character_set_client = @saved_cs_client */;

--
-- Dumping data for table `headdata`
--

LOCK TABLES `headdata` WRITE;
/*!40000 ALTER TABLE `headdata` DISABLE KEYS */;
INSERT INTO `headdata` VALUES (129,1,1,100,'2016-04-04 19:29:23'),(130,1,2,5,'2016-04-04 19:29:23'),(131,1,3,2,'2016-04-04 19:29:23'),(132,1,4,0,'2016-04-04 19:29:23'),(133,1,5,0,'2016-04-04 19:29:23'),(134,1,6,0,'2016-04-04 19:29:23'),(135,1,1,0,'2016-04-04 19:40:29'),(136,1,2,0,'2016-04-04 19:40:29'),(137,1,3,0,'2016-04-04 19:40:29'),(138,1,4,0,'2016-04-04 19:40:29'),(139,1,5,0,'2016-04-04 19:40:29'),(140,1,6,0,'2016-04-04 19:40:29'),(141,1,1,0,'2016-04-04 19:40:29'),(142,1,2,0,'2016-04-04 19:40:29'),(143,1,3,0,'2016-04-04 19:40:29'),(144,1,4,0,'2016-04-04 19:40:29'),(145,1,5,0,'2016-04-04 19:40:29'),(146,1,6,0,'2016-04-04 19:40:29'),(147,1,1,0,'2016-04-04 19:40:30'),(148,1,2,0,'2016-04-04 19:40:30'),(149,1,3,0,'2016-04-04 19:40:30'),(150,1,4,0,'2016-04-04 19:40:30'),(151,1,5,0,'2016-04-04 19:40:30'),(152,1,6,0,'2016-04-04 19:40:30'),(153,1,1,0,'2016-04-04 19:40:30'),(154,1,2,0,'2016-04-04 19:40:30'),(155,1,3,0,'2016-04-04 19:40:30'),(156,1,4,0,'2016-04-04 19:40:30'),(157,1,5,0,'2016-04-04 19:40:30'),(158,1,6,0,'2016-04-04 19:40:30'),(159,1,1,0,'2016-04-04 19:40:31'),(160,1,2,0,'2016-04-04 19:40:31'),(161,1,3,0,'2016-04-04 19:40:31'),(162,1,4,0,'2016-04-04 19:40:31'),(163,1,5,0,'2016-04-04 19:40:31'),(164,1,6,0,'2016-04-04 19:40:31'),(165,1,1,0,'2016-04-04 19:40:31'),(166,1,2,0,'2016-04-04 19:40:31'),(167,1,3,0,'2016-04-04 19:40:31'),(168,1,4,0,'2016-04-04 19:40:31'),(169,1,5,0,'2016-04-04 19:40:31'),(170,1,6,0,'2016-04-04 19:40:31'),(171,1,1,0,'2016-04-04 19:40:31'),(172,1,2,0,'2016-04-04 19:40:31'),(173,1,3,0,'2016-04-04 19:40:31'),(174,1,4,0,'2016-04-04 19:40:31'),(175,1,5,0,'2016-04-04 19:40:31'),(176,1,6,0,'2016-04-04 19:40:31'),(177,1,1,0,'2016-04-04 19:40:38'),(178,1,2,2,'2016-04-04 19:40:38'),(179,1,3,0,'2016-04-04 19:40:38'),(180,1,4,0,'2016-04-04 19:40:38'),(181,1,5,0,'2016-04-04 19:40:38'),(182,1,6,0,'2016-04-04 19:40:38'),(183,1,1,0,'2016-04-05 19:54:45'),(184,1,2,0,'2016-04-05 19:54:45'),(185,1,3,888888,'2016-04-05 19:54:45'),(186,1,4,0,'2016-04-05 19:54:45'),(187,1,5,0,'2016-04-05 19:54:45'),(188,1,6,0,'2016-04-05 19:54:45'),(189,2,1,4,'2016-04-06 17:16:21'),(190,2,2,1,'2016-04-06 17:16:21'),(191,2,3,2,'2016-04-06 17:16:21'),(192,2,4,3,'2016-04-06 17:16:21'),(193,1,1,0,'2016-04-06 18:49:02'),(194,1,2,0,'2016-04-06 18:49:02'),(195,1,3,0,'2016-04-06 18:49:02'),(196,1,4,0,'2016-04-06 18:49:02'),(197,1,5,0,'2016-04-06 18:49:02'),(198,1,6,0,'2016-04-06 18:49:02'),(199,2,1,1,'2016-04-06 18:49:13'),(200,2,2,5,'2016-04-06 18:49:13'),(201,2,3,0,'2016-04-06 18:49:13'),(202,2,4,4,'2016-04-06 18:49:13'),(203,1,1,5,'2016-04-06 20:05:24'),(204,1,2,5,'2016-04-06 20:05:24'),(205,1,3,5,'2016-04-06 20:05:24'),(206,1,4,5,'2016-04-06 20:05:24'),(207,1,5,6,'2016-04-06 20:05:24'),(208,1,6,5,'2016-04-06 20:05:24'),(209,1,1,0,'2016-04-11 17:49:21'),(210,1,2,0,'2016-04-11 17:49:21'),(211,1,3,0,'2016-04-11 17:49:21'),(212,1,4,0,'2016-04-11 17:49:21'),(213,1,5,0,'2016-04-11 17:49:21'),(214,1,6,0,'2016-04-11 17:49:21'),(215,1,1,0,'2016-04-11 17:49:27'),(216,1,2,0,'2016-04-11 17:49:27'),(217,1,3,0,'2016-04-11 17:49:27'),(218,1,4,0,'2016-04-11 17:49:27'),(219,1,5,0,'2016-04-11 17:49:27'),(220,1,6,0,'2016-04-11 17:49:27'),(221,1,1,0,'2016-04-12 02:05:08'),(222,1,2,0,'2016-04-12 02:05:08'),(223,1,3,0,'2016-04-12 02:05:08'),(224,1,4,0,'2016-04-12 02:05:08'),(225,1,5,0,'2016-04-12 02:05:08'),(226,1,6,0,'2016-04-12 02:05:08'),(227,1,1,0,'2016-04-14 16:15:34'),(228,1,2,0,'2016-04-14 16:15:34'),(229,1,3,0,'2016-04-14 16:15:34'),(230,1,4,0,'2016-04-14 16:15:34'),(231,1,5,0,'2016-04-14 16:15:34'),(232,1,6,0,'2016-04-14 16:15:34'),(233,1,1,1,'2016-04-14 16:17:06'),(234,1,2,3,'2016-04-14 16:17:06'),(235,1,3,2,'2016-04-14 16:17:06'),(236,1,4,4,'2016-04-14 16:17:06'),(237,1,5,5,'2016-04-14 16:17:06'),(238,1,6,6,'2016-04-14 16:17:06'),(239,1,1,0,'2016-04-15 01:33:15'),(240,1,2,0,'2016-04-15 01:33:15'),(241,1,3,0,'2016-04-15 01:33:15'),(242,1,4,0,'2016-04-15 01:33:15'),(243,1,5,0,'2016-04-15 01:33:15'),(244,1,6,0,'2016-04-15 01:33:15'),(245,1,1,0,'2016-04-15 01:34:41'),(246,1,2,0,'2016-04-15 01:34:41'),(247,1,3,0,'2016-04-15 01:34:41'),(248,1,4,0,'2016-04-15 01:34:41'),(249,1,5,0,'2016-04-15 01:34:41'),(250,1,6,0,'2016-04-15 01:34:41'),(251,1,1,0,'2016-04-15 01:44:00'),(252,1,2,0,'2016-04-15 01:44:00'),(253,1,3,0,'2016-04-15 01:44:00'),(254,1,4,0,'2016-04-15 01:44:00'),(255,1,5,0,'2016-04-15 01:44:00'),(256,1,6,0,'2016-04-15 01:44:00'),(257,1,1,0,'2016-04-15 01:44:03'),(258,1,2,0,'2016-04-15 01:44:03'),(259,1,3,0,'2016-04-15 01:44:03'),(260,1,4,0,'2016-04-15 01:44:03'),(261,1,5,0,'2016-04-15 01:44:03'),(262,1,6,0,'2016-04-15 01:44:03'),(263,1,1,0,'2016-04-15 01:46:51'),(264,1,2,0,'2016-04-15 01:46:51'),(265,1,3,0,'2016-04-15 01:46:51'),(266,1,4,0,'2016-04-15 01:46:51'),(267,1,5,0,'2016-04-15 01:46:51'),(268,1,6,0,'2016-04-15 01:46:51'),(269,1,1,0,'2016-04-15 01:49:10'),(270,1,2,0,'2016-04-15 01:49:10'),(271,1,3,0,'2016-04-15 01:49:10'),(272,1,4,0,'2016-04-15 01:49:10'),(273,1,5,0,'2016-04-15 01:49:10'),(274,1,6,0,'2016-04-15 01:49:10'),(275,1,1,0,'2016-04-15 01:50:24'),(276,1,2,0,'2016-04-15 01:50:24'),(277,1,3,0,'2016-04-15 01:50:24'),(278,1,4,0,'2016-04-15 01:50:24'),(279,1,5,0,'2016-04-15 01:50:24'),(280,1,6,0,'2016-04-15 01:50:24'),(281,2,1,0,'2016-04-15 01:50:27'),(282,2,2,0,'2016-04-15 01:50:27'),(283,2,3,0,'2016-04-15 01:50:27'),(284,2,4,0,'2016-04-15 01:50:27'),(285,3,1,0,'2016-04-15 01:50:30'),(286,3,2,0,'2016-04-15 01:50:30'),(287,3,3,0,'2016-04-15 01:50:30'),(288,3,4,0,'2016-04-15 01:50:30'),(289,3,5,0,'2016-04-15 01:50:30'),(290,3,6,0,'2016-04-15 01:50:30'),(291,3,7,0,'2016-04-15 01:50:30'),(292,1,1,0,'2016-04-15 01:58:58'),(293,1,2,0,'2016-04-15 01:58:58'),(294,1,3,0,'2016-04-15 01:58:58'),(295,1,4,0,'2016-04-15 01:58:58'),(296,1,5,0,'2016-04-15 01:58:58'),(297,1,6,0,'2016-04-15 01:58:58'),(298,2,1,0,'2016-04-15 01:59:03'),(299,2,2,0,'2016-04-15 01:59:03'),(300,2,3,0,'2016-04-15 01:59:03'),(301,2,4,0,'2016-04-15 01:59:03'),(302,3,1,0,'2016-04-15 01:59:07'),(303,3,2,0,'2016-04-15 01:59:07'),(304,3,3,0,'2016-04-15 01:59:07'),(305,3,4,0,'2016-04-15 01:59:07'),(306,3,5,0,'2016-04-15 01:59:07'),(307,3,6,0,'2016-04-15 01:59:07'),(308,3,7,0,'2016-04-15 01:59:07'),(309,1,1,0,'2016-04-15 01:59:10'),(310,1,2,0,'2016-04-15 01:59:10'),(311,1,3,0,'2016-04-15 01:59:10'),(312,1,4,0,'2016-04-15 01:59:10'),(313,1,5,0,'2016-04-15 01:59:10'),(314,1,6,0,'2016-04-15 01:59:10'),(315,1,1,0,'2016-04-15 01:59:12'),(316,1,2,0,'2016-04-15 01:59:12'),(317,1,3,0,'2016-04-15 01:59:12'),(318,1,4,0,'2016-04-15 01:59:12'),(319,1,5,0,'2016-04-15 01:59:12'),(320,1,6,0,'2016-04-15 01:59:12'),(321,1,1,0,'2016-04-15 02:00:24'),(322,1,2,0,'2016-04-15 02:00:24'),(323,1,3,0,'2016-04-15 02:00:24'),(324,1,4,0,'2016-04-15 02:00:24'),(325,1,5,0,'2016-04-15 02:00:24'),(326,1,6,0,'2016-04-15 02:00:24'),(327,2,1,0,'2016-04-15 02:00:28'),(328,2,2,0,'2016-04-15 02:00:28'),(329,2,3,0,'2016-04-15 02:00:28'),(330,2,4,0,'2016-04-15 02:00:28'),(331,1,1,0,'2016-04-15 02:00:32'),(332,1,2,0,'2016-04-15 02:00:32'),(333,1,3,0,'2016-04-15 02:00:32'),(334,1,4,0,'2016-04-15 02:00:32'),(335,1,5,0,'2016-04-15 02:00:32'),(336,1,6,0,'2016-04-15 02:00:32'),(337,3,1,0,'2016-04-15 02:00:36'),(338,3,2,0,'2016-04-15 02:00:36'),(339,3,3,0,'2016-04-15 02:00:36'),(340,3,4,0,'2016-04-15 02:00:36'),(341,3,5,0,'2016-04-15 02:00:36'),(342,3,6,0,'2016-04-15 02:00:36'),(343,3,7,0,'2016-04-15 02:00:36'),(344,1,1,0,'2016-04-15 02:00:39'),(345,1,2,0,'2016-04-15 02:00:39'),(346,1,3,0,'2016-04-15 02:00:39'),(347,1,4,0,'2016-04-15 02:00:39'),(348,1,5,0,'2016-04-15 02:00:39'),(349,1,6,0,'2016-04-15 02:00:39'),(350,1,1,0,'2016-04-15 02:02:54'),(351,1,2,0,'2016-04-15 02:02:54'),(352,1,3,0,'2016-04-15 02:02:54'),(353,1,4,0,'2016-04-15 02:02:54'),(354,1,5,0,'2016-04-15 02:02:54'),(355,1,6,0,'2016-04-15 02:02:54'),(356,2,1,0,'2016-04-15 02:02:58'),(357,2,2,0,'2016-04-15 02:02:58'),(358,2,3,0,'2016-04-15 02:02:58'),(359,2,4,0,'2016-04-15 02:02:58'),(360,3,1,0,'2016-04-15 02:03:00'),(361,3,2,0,'2016-04-15 02:03:00'),(362,3,3,0,'2016-04-15 02:03:00'),(363,3,4,0,'2016-04-15 02:03:00'),(364,3,5,0,'2016-04-15 02:03:00'),(365,3,6,0,'2016-04-15 02:03:00'),(366,3,7,0,'2016-04-15 02:03:00'),(367,1,1,0,'2016-04-15 02:03:03'),(368,1,2,0,'2016-04-15 02:03:03'),(369,1,3,0,'2016-04-15 02:03:03'),(370,1,4,0,'2016-04-15 02:03:03'),(371,1,5,0,'2016-04-15 02:03:03'),(372,1,6,0,'2016-04-15 02:03:03'),(373,1,1,0,'2016-04-15 02:05:19'),(374,1,2,0,'2016-04-15 02:05:19'),(375,1,3,0,'2016-04-15 02:05:19'),(376,1,4,0,'2016-04-15 02:05:19'),(377,1,5,0,'2016-04-15 02:05:19'),(378,1,6,0,'2016-04-15 02:05:19'),(379,2,1,0,'2016-04-15 02:39:05'),(380,2,2,0,'2016-04-15 02:39:05'),(381,2,3,0,'2016-04-15 02:39:05'),(382,2,4,0,'2016-04-15 02:39:05'),(383,3,1,0,'2016-04-15 02:39:10'),(384,3,2,0,'2016-04-15 02:39:10'),(385,3,3,0,'2016-04-15 02:39:10'),(386,3,4,0,'2016-04-15 02:39:10'),(387,3,5,0,'2016-04-15 02:39:10'),(388,3,6,0,'2016-04-15 02:39:10'),(389,3,7,0,'2016-04-15 02:39:10'),(390,1,1,0,'2016-04-15 02:47:22'),(391,1,2,0,'2016-04-15 02:47:22'),(392,1,3,0,'2016-04-15 02:47:22'),(393,1,4,0,'2016-04-15 02:47:22'),(394,1,5,0,'2016-04-15 02:47:22'),(395,1,6,0,'2016-04-15 02:47:22'),(396,2,1,4,'2016-04-15 03:39:13'),(397,2,2,1,'2016-04-15 03:39:13'),(398,2,3,2,'2016-04-15 03:39:13'),(399,2,4,3,'2016-04-15 03:39:13'),(400,2,1,4,'2016-04-15 03:39:23'),(401,2,2,1,'2016-04-15 03:39:23'),(402,2,3,2,'2016-04-15 03:39:23'),(403,2,4,3,'2016-04-15 03:39:23'),(404,1,1,1,'2016-04-15 03:39:39'),(405,1,2,2,'2016-04-15 03:39:39'),(406,1,3,2,'2016-04-15 03:39:39'),(407,1,4,5,'2016-04-15 03:39:39'),(408,1,5,66,'2016-04-15 03:39:39'),(409,1,6,3,'2016-04-15 03:39:39'),(410,1,1,1,'2016-04-15 03:41:29'),(411,1,2,2,'2016-04-15 03:41:29'),(412,1,3,2,'2016-04-15 03:41:29'),(413,1,4,5,'2016-04-15 03:41:29'),(414,1,5,66,'2016-04-15 03:41:29'),(415,1,6,3,'2016-04-15 03:41:29'),(416,1,1,3,'2016-04-15 03:41:45'),(417,1,2,1,'2016-04-15 03:41:45'),(418,1,3,2,'2016-04-15 03:41:45'),(419,1,4,5,'2016-04-15 03:41:45'),(420,1,5,6,'2016-04-15 03:41:45'),(421,1,6,6,'2016-04-15 03:41:45'),(422,2,1,4,'2016-04-15 03:41:56'),(423,2,2,1,'2016-04-15 03:41:56'),(424,2,3,2,'2016-04-15 03:41:56'),(425,2,4,3,'2016-04-15 03:41:56'),(426,3,1,3,'2016-04-15 03:42:09'),(427,3,2,7,'2016-04-15 03:42:09'),(428,3,3,4,'2016-04-15 03:42:09'),(429,3,4,5,'2016-04-15 03:42:09'),(430,3,5,1,'2016-04-15 03:42:09'),(431,3,6,6,'2016-04-15 03:42:09'),(432,3,7,2222,'2016-04-15 03:42:09'),(433,1,1,1,'2016-04-19 01:43:22'),(434,1,2,23,'2016-04-19 01:43:22'),(435,1,3,4,'2016-04-19 01:43:22'),(436,1,4,5,'2016-04-19 01:43:22'),(437,1,5,6,'2016-04-19 01:43:22'),(438,1,6,3,'2016-04-19 01:43:22'),(439,1,1,1,'2016-04-19 01:47:02'),(440,1,2,23,'2016-04-19 01:47:02'),(441,1,3,4,'2016-04-19 01:47:02'),(442,1,4,5,'2016-04-19 01:47:02'),(443,1,5,6,'2016-04-19 01:47:02'),(444,1,6,3,'2016-04-19 01:47:02'),(445,1,1,1,'2016-04-19 01:47:02'),(446,1,2,23,'2016-04-19 01:47:02'),(447,1,3,4,'2016-04-19 01:47:02'),(448,1,4,5,'2016-04-19 01:47:02'),(449,1,5,6,'2016-04-19 01:47:02'),(450,1,6,3,'2016-04-19 01:47:02'),(451,1,1,1,'2016-04-19 01:50:15'),(452,1,2,2,'2016-04-19 01:50:15'),(453,1,3,4,'2016-04-19 01:50:15'),(454,1,4,5,'2016-04-19 01:50:15'),(455,1,5,6,'2016-04-19 01:50:15'),(456,1,6,3,'2016-04-19 01:50:15'),(457,1,1,1,'2016-04-19 01:59:17'),(458,1,2,2,'2016-04-19 01:59:17'),(459,1,3,4,'2016-04-19 01:59:17'),(460,1,4,5,'2016-04-19 01:59:17'),(461,1,5,6,'2016-04-19 01:59:17'),(462,1,6,3,'2016-04-19 01:59:17'),(463,1,1,1,'2016-04-19 02:04:35'),(464,1,2,2,'2016-04-19 02:04:35'),(465,1,3,4,'2016-04-19 02:04:35'),(466,1,4,5,'2016-04-19 02:04:35'),(467,1,5,6,'2016-04-19 02:04:35'),(468,1,6,3,'2016-04-19 02:04:35'),(469,1,1,1,'2016-04-19 02:09:38'),(470,1,2,2,'2016-04-19 02:09:38'),(471,1,3,4,'2016-04-19 02:09:38'),(472,1,4,5,'2016-04-19 02:09:38'),(473,1,5,6,'2016-04-19 02:09:38'),(474,1,6,3,'2016-04-19 02:09:38'),(475,1,1,1,'2016-04-19 02:10:34'),(476,1,2,2,'2016-04-19 02:10:34'),(477,1,3,4,'2016-04-19 02:10:34'),(478,1,4,5,'2016-04-19 02:10:34'),(479,1,5,6,'2016-04-19 02:10:34'),(480,1,6,3,'2016-04-19 02:10:34'),(481,1,1,1,'2016-04-19 02:11:59'),(482,1,2,2,'2016-04-19 02:11:59'),(483,1,3,4,'2016-04-19 02:11:59'),(484,1,4,5,'2016-04-19 02:11:59'),(485,1,5,6,'2016-04-19 02:11:59'),(486,1,6,3,'2016-04-19 02:11:59'),(487,1,1,1,'2016-04-19 02:12:03'),(488,1,2,2,'2016-04-19 02:12:03'),(489,1,3,4,'2016-04-19 02:12:03'),(490,1,4,5,'2016-04-19 02:12:03'),(491,1,5,6,'2016-04-19 02:12:03'),(492,1,6,3,'2016-04-19 02:12:03'),(493,1,1,1,'2016-04-19 02:13:04'),(494,1,2,2,'2016-04-19 02:13:04'),(495,1,3,4,'2016-04-19 02:13:04'),(496,1,4,5,'2016-04-19 02:13:04'),(497,1,5,6,'2016-04-19 02:13:04'),(498,1,6,3,'2016-04-19 02:13:04'),(499,1,1,1,'2016-04-19 02:13:07'),(500,1,2,2,'2016-04-19 02:13:07'),(501,1,3,4,'2016-04-19 02:13:07'),(502,1,4,5,'2016-04-19 02:13:07'),(503,1,5,6,'2016-04-19 02:13:07'),(504,1,6,3,'2016-04-19 02:13:07'),(505,1,1,1,'2016-04-19 02:15:58'),(506,1,2,2,'2016-04-19 02:15:58'),(507,1,3,4,'2016-04-19 02:15:58'),(508,1,4,5,'2016-04-19 02:15:58'),(509,1,5,6,'2016-04-19 02:15:58'),(510,1,6,3,'2016-04-19 02:15:58'),(511,1,1,1,'2016-04-19 02:16:58'),(512,1,2,2,'2016-04-19 02:16:58'),(513,1,3,4,'2016-04-19 02:16:58'),(514,1,4,5,'2016-04-19 02:16:58'),(515,1,5,6,'2016-04-19 02:16:58'),(516,1,6,3,'2016-04-19 02:16:58'),(517,1,1,1,'2016-04-19 02:17:14'),(518,1,2,2,'2016-04-19 02:17:14'),(519,1,3,4,'2016-04-19 02:17:14'),(520,1,4,5,'2016-04-19 02:17:14'),(521,1,5,6,'2016-04-19 02:17:14'),(522,1,6,3,'2016-04-19 02:17:14'),(523,1,1,1,'2016-04-19 02:17:43'),(524,1,2,2,'2016-04-19 02:17:43'),(525,1,3,4,'2016-04-19 02:17:43'),(526,1,4,5,'2016-04-19 02:17:43'),(527,1,5,6,'2016-04-19 02:17:43'),(528,1,6,3,'2016-04-19 02:17:43'),(529,1,1,1,'2016-04-19 02:17:50'),(530,1,2,2,'2016-04-19 02:17:50'),(531,1,3,4,'2016-04-19 02:17:50'),(532,1,4,5,'2016-04-19 02:17:50'),(533,1,5,6,'2016-04-19 02:17:50'),(534,1,6,3,'2016-04-19 02:17:50'),(535,1,1,1,'2016-04-19 02:27:16'),(536,1,2,2,'2016-04-19 02:27:16'),(537,1,3,4,'2016-04-19 02:27:16'),(538,1,4,5,'2016-04-19 02:27:16'),(539,1,5,6,'2016-04-19 02:27:16'),(540,1,6,3,'2016-04-19 02:27:16'),(541,1,1,1,'2016-04-19 02:31:00'),(542,1,2,2,'2016-04-19 02:31:00'),(543,1,3,4,'2016-04-19 02:31:00'),(544,1,4,5,'2016-04-19 02:31:00'),(545,1,5,6,'2016-04-19 02:31:00'),(546,1,6,3,'2016-04-19 02:31:00'),(547,1,1,1,'2016-04-19 02:37:08'),(548,1,2,2,'2016-04-19 02:37:08'),(549,1,3,4,'2016-04-19 02:37:08'),(550,1,4,5,'2016-04-19 02:37:08'),(551,1,5,6,'2016-04-19 02:37:08'),(552,1,6,3,'2016-04-19 02:37:08'),(553,1,1,1,'2016-04-19 02:38:08'),(554,1,2,2,'2016-04-19 02:38:08'),(555,1,3,4,'2016-04-19 02:38:08'),(556,1,4,5,'2016-04-19 02:38:08'),(557,1,5,6,'2016-04-19 02:38:08'),(558,1,6,3,'2016-04-19 02:38:08'),(559,1,1,1,'2016-04-19 03:01:00'),(560,1,2,2,'2016-04-19 03:01:00'),(561,1,3,4,'2016-04-19 03:01:00'),(562,1,4,5,'2016-04-19 03:01:00'),(563,1,5,6,'2016-04-19 03:01:00'),(564,1,6,3,'2016-04-19 03:01:00'),(565,1,1,1,'2016-04-19 03:01:15'),(566,1,2,2,'2016-04-19 03:01:15'),(567,1,3,4,'2016-04-19 03:01:15'),(568,1,4,5,'2016-04-19 03:01:15'),(569,1,5,6,'2016-04-19 03:01:15'),(570,1,6,3,'2016-04-19 03:01:15'),(571,1,2,2,'2016-04-19 03:13:10'),(572,1,3,4,'2016-04-19 03:13:10'),(573,1,4,5,'2016-04-19 03:13:10'),(574,1,5,6,'2016-04-19 03:13:10'),(575,1,6,3,'2016-04-19 03:13:10'),(576,3,13,3,'2015-01-01 06:00:00'),(577,3,17,6666,'2015-01-01 06:00:00'),(578,3,14,4,'2015-01-01 06:00:00'),(579,3,15,5,'2015-01-01 06:00:00'),(580,3,11,1,'2015-01-01 06:00:00'),(581,3,16,77777,'2015-01-01 06:00:00'),(582,3,12,2222,'2015-01-01 06:00:00'),(583,1,2,2,'2015-01-01 06:00:00'),(584,1,3,4,'2015-01-01 06:00:00'),(585,1,4,5,'2015-01-01 06:00:00'),(586,1,5,6,'2015-01-01 06:00:00'),(587,1,6,3,'2015-01-01 06:00:00'),(588,2,10,4,'2015-01-01 06:00:00'),(589,2,7,1,'2015-01-01 06:00:00'),(590,2,8,2,'2015-01-01 06:00:00'),(591,2,9,3,'2015-01-01 06:00:00'),(592,1,1,1,'2016-04-19 15:46:20'),(593,1,2,1,'2016-04-19 15:46:20'),(594,1,3,4,'2016-04-19 15:46:20'),(595,1,4,5,'2016-04-19 15:46:20'),(596,1,5,6,'2016-04-19 15:46:20'),(597,1,6,3,'2016-04-19 15:46:20');
/*!40000 ALTER TABLE `headdata` ENABLE KEYS */;
UNLOCK TABLES;

--
-- Table structure for table `logentry`
--

DROP TABLE IF EXISTS `logentry`;
/*!40101 SET @saved_cs_client     = @@character_set_client */;
/*!40101 SET character_set_client = utf8 */;
CREATE TABLE `logentry` (
  `userId` int(11) DEFAULT NULL,
  `CountId` int(11) DEFAULT NULL
) ENGINE=InnoDB DEFAULT CHARSET=utf8;
/*!40101 SET character_set_client = @saved_cs_client */;

--
-- Dumping data for table `logentry`
--

LOCK TABLES `logentry` WRITE;
/*!40000 ALTER TABLE `logentry` DISABLE KEYS */;
INSERT INTO `logentry` VALUES (20,0),(20,1),(20,1),(20,0),(20,0),(20,0),(20,0),(20,1),(20,1),(20,1),(20,1),(20,541),(20,547),(20,553),(20,559),(20,565),(20,570),(20,571),(20,572),(20,573),(20,574),(20,575),(17,575),(17,575),(17,575),(17,575),(17,575),(17,575),(17,575),(17,575),(17,575),(17,575),(17,575),(17,575),(17,575),(17,575),(17,576),(17,577),(17,578),(17,579),(17,580),(17,581),(17,582),(17,582),(17,582),(17,582),(17,582),(17,582),(17,582),(17,582),(17,583),(17,584),(17,585),(17,586),(17,587),(17,588),(17,589),(17,590),(17,591),(20,592),(20,593),(20,594),(20,595),(20,596),(20,597);
/*!40000 ALTER TABLE `logentry` ENABLE KEYS */;
UNLOCK TABLES;

--
-- Table structure for table `member`
--

DROP TABLE IF EXISTS `member`;
/*!40101 SET @saved_cs_client     = @@character_set_client */;
/*!40101 SET character_set_client = utf8 */;
CREATE TABLE `member` (
  `mem_id` int(11) NOT NULL AUTO_INCREMENT,
  `username` varchar(30) NOT NULL,
  `password` varchar(30) NOT NULL,
  `fname` varchar(30) NOT NULL,
  `lname` varchar(30) NOT NULL,
  `contact` varchar(30) NOT NULL,
  `administrator` tinyint(1) DEFAULT NULL,
  PRIMARY KEY (`mem_id`)
) ENGINE=MyISAM AUTO_INCREMENT=21 DEFAULT CHARSET=latin1;
/*!40101 SET character_set_client = @saved_cs_client */;

--
-- Dumping data for table `member`
--

LOCK TABLES `member` WRITE;
/*!40000 ALTER TABLE `member` DISABLE KEYS */;
INSERT INTO `member` VALUES (16,'lmardis','password','Lori ','Mar','Lmardis@nwmissouri.edu',1),(18,'mwienand','password','mike','wienands','mwienands',0),(17,'admin','password','test','test','test',1),(19,'','','Hari','Govind','',0),(20,'test','password','Hari','Govind','test',0);
/*!40000 ALTER TABLE `member` ENABLE KEYS */;
UNLOCK TABLES;
/*!40103 SET TIME_ZONE=@OLD_TIME_ZONE */;

/*!40101 SET SQL_MODE=@OLD_SQL_MODE */;
/*!40014 SET FOREIGN_KEY_CHECKS=@OLD_FOREIGN_KEY_CHECKS */;
/*!40014 SET UNIQUE_CHECKS=@OLD_UNIQUE_CHECKS */;
/*!40101 SET CHARACTER_SET_CLIENT=@OLD_CHARACTER_SET_CLIENT */;
/*!40101 SET CHARACTER_SET_RESULTS=@OLD_CHARACTER_SET_RESULTS */;
/*!40101 SET COLLATION_CONNECTION=@OLD_COLLATION_CONNECTION */;
/*!40111 SET SQL_NOTES=@OLD_SQL_NOTES */;

-- Dump completed on 2016-04-29 12:45:06
